{
  "F1": 15.643071413623536,
  "EM": 0.0,
  "ROUGE-L": 14.164454898946827,
  "BLEU-1": 11.00379605093375,
  "BLEU-4": 0.6153918351579966,
  "METEOR": 27.805087733032842,
  "index_time_s": 2345.302620410919,
  "qa_time_s": 418.8232660293579
}