{
  "F1": 24.720870119217107,
  "EM": 6.143344709897611,
  "ROUGE-L": 23.543389331220112,
  "BLEU-1": 19.854379237727958,
  "BLEU-4": 1.2982498729077023,
  "METEOR": 31.05602463507864,
  "index_time_s": 2148.3298695087433,
  "qa_time_s": 1239.576630115509,
  "hipporag_internal": {
    "ExactMatch": 0.0614,
    "F1": 0.2472
  }
}