{
  "F1": 16.938242007244565,
  "EM": 1.3651877133105803,
  "ROUGE-L": 15.300702758924592,
  "BLEU-1": 12.960866182280128,
  "BLEU-4": 0.33363375619954894,
  "METEOR": 25.85570570764456,
  "index_time_s": 2344.620580673218,
  "qa_time_s": 844.2255570888519,
  "hipporag_internal": {
    "ExactMatch": 0.0137,
    "F1": 0.1694
  }
}