{
  "F1": 12.282496854908963,
  "EM": 0.3412969283276451,
  "ROUGE-L": 11.054553284988781,
  "BLEU-1": 8.52529147608423,
  "BLEU-4": 0.6172726028411968,
  "METEOR": 23.157656229738755,
  "index_time_s": 1457.66934466362,
  "qa_time_s": 196.45492792129517
}