{
  "raw": {
    "F1": 6.609248678344801,
    "EM": 0.0,
    "ROUGE-L": 5.835006715545942,
    "BLEU-1": 3.708973848272838,
    "BLEU-4": 0.17128747764590022,
    "METEOR": 18.943825927908208
  },
  "cleaned": {
    "F1": 12.070274923290311,
    "EM": 0.0,
    "ROUGE-L": 10.441406512426903,
    "BLEU-1": 7.840711104620465,
    "BLEU-4": 0.4141046515381147,
    "METEOR": 24.309895630228116
  },
  "N": 293,
  "aux": {
    "avg_loops": 8.358361774744028,
    "avg_retrieved_tokens": 1179.061433447099,
    "avg_chunks_read": 3.74061433447099,
    "total_cost": 1.994637,
    "avg_cost": 0.006807634812286689,
    "avg_pred_len_raw": 84.70307167235495,
    "avg_pred_len_clean": 36.63139931740614
  }
}